keyword,aliases,pronunciation,main_category,sub_category,description,pathology,lesion_site,clinical_feature,related_disease,related_assessment,related_special_test,related_exercise,related_body_region,evaluation_tool,exercise_protocol,precaution,new_term,old_term,english,origin,insertion,innervation,action,muscle_function,palpation,normal_rom,shoulder_rom,elbow_rom,wrist_rom,hip_rom,knee_rom,ankle_rom,mmt_grade,functional_level,cp_type,gait_pattern,note
Stroke,"stroke,Stroke,cva,CVA,뇌졸중,중풍,cerebrovascular accident","스트로크,씨브이에이",Neurological,Disease,"뇌혈관 손상으로 운동 및 감각 장애 발생","Upper motor neuron lesion","Brain cortex,internal capsule","hemiplegia,spasticity,balance impairment","Hemorrhagic stroke,Ischemic stroke","ROM,MMT,NIHSS,Berg Balance Scale,TUG","Babinski test,Clonus","Balance training,Gait training","Neurological","NIHSS","Sit to stand,Treadmill gait training","낙상 주의","뇌졸중","중풍","Stroke","","","","","Motor recovery","","Shoulder Flexion 180°","Flexion 180°","","","Hip Flexion 120°","Knee Flexion 135°","DF 20°","","Dependent to Independent","","Hemiplegic gait","손상 위치 따라 증상 다름"
Ischemic stroke,"ischemic stroke,허혈성 뇌졸중","이스케믹 스트로크",Neurological,Disease,"혈관 폐색으로 발생하는 뇌졸중","Brain ischemia","Middle cerebral artery","weakness,aphasia","Stroke","ROM,MMT,NIHSS","Babinski test","Balance training","Neurological","NIHSS","Gait training","혈압 관리","허혈성 뇌졸중","","Ischemic Stroke","","","","","Motor recovery","","Shoulder Flexion 180°","","","","Hip Flexion 120°","Knee Flexion 135°","DF 20°","","","","Hemiplegic gait","허혈성 병변"
Hemorrhagic stroke,"hemorrhagic stroke,출혈성 뇌졸중","헤모라직 스트로크",Neurological,Disease,"뇌출혈로 인한 뇌졸중","Intracranial hemorrhage","Basal ganglia","headache,weakness","Stroke","ROM,MMT,NIHSS","Clonus","ROM exercise","Neurological","NIHSS","Positioning","재출혈 주의","출혈성 뇌졸중","","Hemorrhagic Stroke","","","","","Motor recovery","","Shoulder Flexion 180°","","","","Hip Flexion 120°","","","","","","Hemiplegic gait","출혈 위험"
CP,"cp,CP,뇌성마비,cerebral palsy","씨피",Neurological,Disease,"비진행성 뇌손상으로 발생하는 운동 장애","Non-progressive brain injury","Developing brain","spasticity,motor delay","Spastic diplegia,Spastic hemiplegia","GMFM,MAS,ROM,MMT","Babinski test","Balance training,Gait training","Pediatric neuro","GMFM","Weight shift training","피로 주의","뇌성마비","","Cerebral Palsy","","","","","Postural control","","Shoulder Flexion 180°","","","","Hip Flexion 120°","Knee Flexion 135°","DF 20°","","GMFCS I-V","Spastic","Scissor gait","CP 유형별 차이"
Spastic diplegia,"spastic diplegia,강직성 하지마비","스패스틱 디플레지아",Neurological,CP,"양 하지 강직 우세","Periventricular leukomalacia","Lower extremity","scissor gait,toe walking","CP","GMFM,MAS","Babinski test","Gait training","Pediatric neuro","GMFM","Weight shift training","낙상 주의","","","Spastic Diplegia","","","","","Lower limb control","","","","","","Hip adduction tightness","Knee Flexion 135°","DF limitation","","GMFCS II-IV","Diplegia","Scissor gait","하지 강직 우세"
Spastic hemiplegia,"spastic hemiplegia,강직성 편마비","스패스틱 헤미플레지아",Neurological,CP,"한쪽 상하지 강직","Unilateral lesion","Contralateral hemisphere","hemiplegia,asymmetry","CP,Stroke","GMFM,MAS,ROM","Babinski test","Constraint induced movement therapy","Pediatric neuro","GMFM","Upper limb training","어깨 아탈구 주의","","","Spastic Hemiplegia","","","","","Unilateral motor control","","Shoulder Flexion 180°","","","","","","","","GMFCS I-III","Hemiplegia","Hemiplegic gait","편측 기능 저하"
SCI,"sci,SCI,척수손상,spinal cord injury","에스씨아이",Neurological,Disease,"척수 손상으로 운동 및 감각 기능 저하","Spinal cord lesion","Cervical,thoracic spinal cord","paralysis,sensory loss","TBI","ASIA,ROM,MMT","Babinski test","Transfer training","Neurological","ASIA","Wheelchair training","욕창 주의","척수손상","","Spinal Cord Injury","","","","","Functional mobility","","Shoulder Flexion 180°","","","","","","","","Dependent to Independent","","Paraplegic gait","손상 수준 따라 기능 차이"
TBI,"tbi,TBI,외상성뇌손상,traumatic brain injury","티비아이",Neurological,Disease,"외상으로 인한 뇌 손상","Brain trauma","Frontal lobe","cognitive impairment,balance disorder","Stroke","MMSE,Berg,TUG","Neurological observation","Balance training","Neurological","MMSE","Dual task training","자극 과다 주의","외상성뇌손상","","Traumatic Brain Injury","","","","","Cognitive motor function","","","","","","","","","","","","인지 기능 저하"
Parkinson disease,"parkinson disease,파킨슨병,parkinson","파킨슨",Neurological,Disease,"도파민 감소로 인한 퇴행성 질환","Basal ganglia degeneration","Substantia nigra","bradykinesia,tremor,rigidity","Neurological disorder","Berg,TUG","Pull test","LSVT BIG,Gait training","Neurological","TUG","Amplitude training","동결보행 주의","파킨슨병","","Parkinson Disease","","","","","Movement initiation","","","","","","","","","","","","Shuffling gait","흑질 도파민 감소"
Bell palsy,"bell palsy,안면마비,벨마비","벨팔시",Neurological,Disease,"안면신경 마비","Facial nerve inflammation","Facial nerve","facial asymmetry,weakness","Peripheral nerve injury","Facial grading scale","Facial movement test","Facial exercise","Face","House-Brackmann scale","Mirror exercise","눈 보호 중요","안면마비","","Bell Palsy","","","","Facial expression","Facial symmetry","","","","","","","","","","","","말초성 안면신경 마비"
ROM,"rom,ROM,관절가동범위,range of motion","알오엠",Assessment,Evaluation,"관절 움직임 범위를 평가","Joint mobility","Joint","limited ROM,pain","Frozen shoulder,Stroke,CP","ROM","","Stretching","Joint","Goniometer","Active ROM,Passive ROM","통증 범위 주의","관절가동범위","","Range of Motion","","","","Joint mobility","","Shoulder Flexion 180°|Abduction 180°","Flexion 180°|Extension 60°","Flexion 150°|Extension 70°","Flexion 80°|Extension 70°","Flexion 120°|Extension 20°","Flexion 135°","DF 20°|PF 50°","","","","","정상 ROM 기준"
MMT,"mmt,MMT,도수근력검사,맨손근력검사,manual muscle test","엠엠티",Assessment,Evaluation,"근육 강도 평가","Muscle weakness","Muscle","weakness","Stroke,SCI,CP","MMT","","Strengthening","Muscle","MMT","Resistance exercise","과부하 주의","도수근력검사","","Manual Muscle Test","","","","Muscle strength","","","","","","","","Grade 0-5","","","",""
MAS,"mas,MAS,modified ashworth scale,수정애쉬워스척도","엠에이에스",Assessment,Evaluation,"경직 정도 평가","Spasticity","Neurological","hypertonia","Stroke,CP","MAS","","Stretching","Neurological","MAS","Tone inhibition","강한 신장 주의","","","Modified Ashworth Scale","","","","Spasticity","","","","","","","","Grade 0-4","","","",""
GMFM,"gmfm,GMFM,gross motor function measure","지엠에프엠",Assessment,Evaluation,"대운동 기능 평가","Motor limitation","Pediatric neuro","gross motor delay","CP","GMFM","","Task specific training","Pediatric neuro","GMFM","Standing training,Gait training","낙상 주의","","","Gross Motor Function Measure","","","","Gross motor function","","","","","","","","","","","","CP 평가 핵심"
Berg Balance Scale,"berg balance scale,BBS,버그균형척도","버그 밸런스 스케일",Assessment,Balance,"균형 능력 평가","Balance impairment","Balance system","poor balance","Stroke,Parkinson disease","Berg,TUG","","Balance training","Balance","Berg","Static and dynamic balance training","낙상 주의","","","Berg Balance Scale","","","","Balance control","","","","","","","","","","","","균형 평가 대표 도구"
TUG,"tug,TUG,일어나걷기검사,timed up and go","터그",Assessment,Gait,"기능적 이동성 평가","Mobility impairment","Lower extremity","slow gait","Stroke,Parkinson disease","TUG","","Gait training","Gait","TUG","Walking training","보행 시 안전 확보","","","Timed Up and Go","","","","Functional mobility","","","","","","","","","","","","낙상 위험 예측"
NIHSS,"nihss,NIHSS,미국국립보건원뇌졸중척도","엔아이에이치에스에스",Assessment,Neurological,"뇌졸중 중증도 평가","Neurological deficit","Brain","hemiplegia,aphasia","Stroke","NIHSS","","Neurological rehab","Neurological","NIHSS","Task oriented training","급성기 상태 확인","","","National Institutes of Health Stroke Scale","","","","Neurological status","","","","","","","","","","","","급성 뇌졸중 평가"
Barthel Index,"barthel index,바델지수","바델 인덱스",Assessment,ADL,"일상생활 수행능력 평가","ADL limitation","Whole body","dependency","Stroke,SCI","Barthel Index","","ADL training","ADL","Barthel Index","Transfer training","낙상 주의","","","Barthel Index","","","","ADL independence","","","","","","","","","","","","기본 ADL 평가"
FIM,"fim,FIM,functional independence measure","핌",Assessment,ADL,"기능적 독립 수준 평가","Functional limitation","Whole body","dependency","SCI,Stroke","FIM","","Functional training","ADL","FIM","Task specific training","보조 수준 확인","","","Functional Independence Measure","","","","Functional independence","","","","","","","","","","","","재활 기능 평가"
ACL injury,"acl injury,acl,ACL,전방십자인대손상,앞십자인대손상,anterior cruciate ligament injury","에이씨엘,에이 씨 엘",Musculoskeletal,Knee Injury,"전방십자인대 손상으로 무릎 전방 안정성 감소","Ligament tear","ACL","instability,pain,swelling,giving way","Meniscus tear,MCL injury","ROM,MMT","Lachman test,Anterior drawer test,Pivot shift test","Quadriceps strengthening,Balance training","Knee","ROM,MMT","CKC exercise,Squat,Balance training","초기 과부하 주의","전방십자인대손상","앞십자인대손상","Anterior Cruciate Ligament Injury","","","","Knee stabilization","","","", "","","","Knee Flexion 135°","DF 20°|PF 50°","","","","","무릎 회전 손상 동반 가능"
PCL injury,"pcl injury,pcl,PCL,후방십자인대손상,뒤십자인대손상,posterior cruciate ligament injury","피씨엘,피 씨 엘",Musculoskeletal,Knee Injury,"후방십자인대 손상","Ligament tear","PCL","posterior instability,pain","ACL injury","ROM,MMT","Posterior drawer test,Sag sign","Hamstring strengthening","Knee","ROM,MMT","Hamstring exercise","후방 전위 주의","후방십자인대손상","뒤십자인대손상","Posterior Cruciate Ligament Injury","","","","Posterior knee stabilization","","","","","","","Knee Flexion 135°","","","","","","후방 불안정성"
MCL injury,"mcl injury,mcl,MCL,내측측부인대손상,안쪽곁인대,medial collateral ligament injury","엠씨엘",Musculoskeletal,Knee Injury,"내측측부인대 손상","Ligament sprain","Medial knee","medial pain,instability","ACL injury","ROM,MMT","Valgus stress test","Strengthening","Knee","ROM,MMT","Medial stabilization exercise","외반 스트레스 주의","내측측부인대손상","","Medial Collateral Ligament Injury","","","","Medial stability","","","","","","","Knee Flexion 135°","","","","","","무릎 내측 통증"
LCL injury,"lcl injury,lcl,LCL,외측측부인대손상,가쪽곁인대,lateral collateral ligament injury","엘씨엘",Musculoskeletal,Knee Injury,"외측측부인대 손상","Ligament sprain","Lateral knee","lateral instability","ACL injury","ROM,MMT","Varus stress test","Strengthening","Knee","ROM,MMT","Lateral stabilization exercise","내반 스트레스 주의","외측측부인대손상","","Lateral Collateral Ligament Injury","","","","Lateral stability","","","","","","","Knee Flexion 135°","","","","","","무릎 외측 불안정성"
Meniscus tear,"meniscus tear,반월상연골손상,메니스커스","메니스커스",Musculoskeletal,Knee Injury,"반월상연골 손상","Cartilage injury","Meniscus","locking,pain,clicking","ACL injury","ROM,MMT","McMurray test,Apley test","Quadriceps strengthening","Knee","ROM","Closed chain exercise","쪼그려 앉기 주의","반월상연골손상","","Meniscus Tear","","","","Shock absorption","","","","","","","Knee Flexion 135°","","","","","","locking 흔함"
OA knee,"oa knee,knee oa,무릎퇴행성관절염,knee osteoarthritis","오에이 니",Musculoskeletal,Knee OA,"무릎 퇴행성관절염","Degeneration","Knee joint","pain,stiffness,crepitus","OA hip","ROM,MMT","Patellar grind test","Strengthening,Aerobic exercise","Knee","ROM","Quadriceps strengthening","통증 범위 주의","무릎골관절염","","Knee Osteoarthritis","","","","Joint support","","","","","","","Knee Flexion 135°","","","","","","체중 관리 중요"
OA hip,"oa hip,hip oa,고관절퇴행성관절염,hip osteoarthritis","오에이 힙",Musculoskeletal,Hip OA,"고관절 퇴행성관절염","Degeneration","Hip joint","pain,stiffness","OA knee","ROM,MMT","FABER,FADIR","Hip strengthening","Hip","ROM","Hip ROM exercise","무리한 회전 금지","고관절골관절염","","Hip Osteoarthritis","","","","Hip stabilization","","","","","","Hip Flexion 120°","","","","","","보행 패턴 변화"
Rotator cuff tear,"rotator cuff tear,회전근개파열,rotator cuff injury","로테이터 커프",Musculoskeletal,Shoulder Injury,"회전근개 손상","Tendon tear","Shoulder","pain,weakness","Shoulder impingement","ROM,MMT","Empty can test,Drop arm test","Shoulder strengthening","Shoulder","ROM,MMT","Scaption exercise","통증 유발 범위 주의","회전근개파열","","Rotator Cuff Tear","","","","Shoulder stabilization","","Shoulder Flexion 180°","Flexion 180°|Abduction 180°","","","","","","Grade 5","","","","야간통 흔함"
Frozen shoulder,"frozen shoulder,오십견,유착성관절낭염,adhesive capsulitis","프로즌 숄더,오십견",Musculoskeletal,Shoulder Disorder,"어깨 ROM 제한","Capsular stiffness","Shoulder capsule","pain,limited ROM","Rotator cuff tear","ROM","Apley scratch test","Stretching,ROM exercise","Shoulder","ROM","Pendulum exercise","무리한 신장 금지","유착성관절낭염","오십견","Frozen Shoulder","","","","Shoulder mobility","","Shoulder Flexion 180°","Flexion 제한","","","","","","","","","","capsular pattern"
Shoulder impingement,"shoulder impingement,어깨충돌증후군,impingement syndrome","숄더 임핀지먼트",Musculoskeletal,Shoulder Disorder,"견봉하 충돌 증후군","Mechanical compression","Subacromial space","pain during overhead motion","Rotator cuff tear","ROM,MMT","Neer test,Hawkins Kennedy test","Scapular stabilization","Shoulder","ROM,MMT","Scapular exercise","반복 overhead 동작 주의","어깨충돌증후군","","Shoulder Impingement","","","","Shoulder mechanics","","Shoulder Flexion 180°","Flexion 180°|Abduction 180°","","","","","","","","","","외전 시 통증"
Shoulder instability,"shoulder instability,어깨불안정성,견관절불안정성","숄더 인스터빌리티",Musculoskeletal,Shoulder Disorder,"어깨 관절의 반복적 불안정","Joint laxity","Shoulder joint","subluxation,pain,instability","Rotator cuff tear","ROM,MMT","Apprehension test,Relocation test","Shoulder stabilization","Shoulder","ROM,MMT","Rotator cuff strengthening","과도한 외회전 주의","견관절불안정성","","Shoulder Instability","","","","Joint stabilization","","Shoulder Flexion 180°","Flexion 180°|Abduction 180°","","","","","","Grade 4-5","","","","탈구 병력 흔함"
Tennis elbow,"tennis elbow,외측상과염,lateral epicondylitis","테니스 엘보",Musculoskeletal,Elbow Disorder,"손목 신전근 과사용 손상","Tendon overuse","Lateral epicondyle","pain,grip weakness","Golfer elbow","ROM,MMT","Cozen test,Mill test","Eccentric exercise","Elbow","ROM,MMT","Wrist extensor strengthening","반복 손목 사용 제한","외측상과염","","Tennis Elbow","","","","Wrist extension","","","Elbow Flexion 150°","","","","","","","","","","grip pain"
Golfer elbow,"golfer elbow,내측상과염,medial epicondylitis","골퍼 엘보",Musculoskeletal,Elbow Disorder,"손목 굴곡근 과사용 손상","Tendon overuse","Medial epicondyle","pain,grip weakness","Tennis elbow","ROM,MMT","Golfer elbow test","Strengthening","Elbow","ROM","Wrist flexor strengthening","반복 손목 굴곡 제한","내측상과염","","Golfer Elbow","","","","Wrist flexion","","","Elbow Flexion 150°","","","","","","","","","","내측 통증"
Carpal tunnel syndrome,"carpal tunnel syndrome,손목터널증후군,수근관증후군,cts","카팔 터널 신드롬,씨티에스",Musculoskeletal,Wrist Disorder,"정중신경 압박 증후군","Median nerve compression","Carpal tunnel","numbness,tingling,weakness","Peripheral neuropathy","MMT,ROM","Phalen test,Tinel sign","Nerve gliding","Wrist","ROM,MMT","Median nerve glide","손목 반복 사용 제한","수근관증후군","","Carpal Tunnel Syndrome","","","","Median nerve function","","","","Wrist Flexion 80°|Extension 70°","","","","","","","","야간 저림 흔함"
Trigger finger,"trigger finger,방아쇠수지,stenosing tenosynovitis","트리거 핑거",Musculoskeletal,Hand Disorder,"손가락 굴곡 시 걸림 현상","Tendon sheath inflammation","Finger flexor tendon","locking,pain","Hand disorder","ROM","Trigger finger test","Tendon glide exercise","Hand","ROM","Finger ROM exercise","반복 손 사용 주의","방아쇠수지","","Trigger Finger","","","","Finger flexion","","","","","","","","","","","","딸깍거림 특징"
Ankle sprain,"ankle sprain,발목염좌,ankle ligament injury","앵클 스프레인",Musculoskeletal,Ankle Injury,"발목 인대 손상","Ligament sprain","Lateral ankle ligament","pain,swelling,instability","Achilles tendinitis","ROM,MMT","Anterior drawer test,Talar tilt test","Balance training","Ankle","ROM,MMT","Proprioception exercise","재손상 주의","발목염좌","","Ankle Sprain","","","","Ankle stability","","","","","","","DF 20°|PF 50°","","","","반복 염좌 흔함"
Achilles tendinitis,"achilles tendinitis,아킬레스건염","아킬레스 텐디나이티스",Musculoskeletal,Ankle Disorder,"아킬레스건 염증","Overuse injury","Achilles tendon","heel pain,stiffness","Ankle sprain","ROM,MMT","Thompson test","Calf strengthening","Ankle","ROM","Eccentric heel raise","과부하 금지","아킬레스건염","","Achilles Tendinitis","","","","Plantar flexion","","","","","","","PF 50°","","","","아침 통증 흔함"
Plantar fasciitis,"plantar fasciitis,족저근막염","플랜터 패시아이티스",Musculoskeletal,Foot Disorder,"족저근막 염증","Overuse injury","Plantar fascia","heel pain","Foot disorder","ROM","Windlass test","Stretching","Foot","ROM","Calf stretch","장시간 보행 주의","족저근막염","","Plantar Fasciitis","","","","Arch support","","","","","","","","","","","","첫 걸음 통증 특징"
Herniated disc,"herniated disc,허리디스크,추간판탈출증,disc","허니에이티드 디스크",Musculoskeletal,Spine Disorder,"추간판 탈출로 신경 압박","Disc protrusion","Lumbar spine","radiating pain,numbness","Sciatica","ROM,MMT","SLR test,Slump test","Core stabilization","Lumbar","ROM,MMT","McKenzie exercise","무거운 물건 주의","추간판탈출증","허리디스크","Herniated Disc","","","","Core stability","","","","","","Hip Flexion 120°","","","","","","방사통 특징"
Scoliosis,"scoliosis,척추측만증","스콜리오시스",Musculoskeletal,Spine Disorder,"척추의 측만 변형","Structural deformity","Spine","asymmetry,postural imbalance","Postural disorder","ROM","Adam forward bend test","Postural exercise","Spine","ROM","Postural correction exercise","장시간 비대칭 자세 주의","척추측만증","","Scoliosis","","","","Posture control","","","","","","","","","","","","Cobb angle 평가"
Lachman test,"lachman test,lachman,라크만,라크만테스트","라크만",Special Test,Knee Test,"ACL 손상 평가 검사","ACL instability","Knee","anterior tibial translation","ACL injury","ROM,MMT","Anterior drawer test,Pivot shift test","Balance training","Knee","Knee stability","ACL screening","급성기 통증 주의","","","Lachman Test","","","","ACL integrity","","","","","","","Knee Flexion 135°","","","","","","ACL 민감도 높음"
Anterior drawer test,"anterior drawer test,anterior drawer,전방전위검사","안테리어 드로어",Special Test,Knee Test,"ACL 손상 평가","Anterior instability","Knee","instability","ACL injury","ROM,MMT","Lachman test,Pivot shift test","Strengthening","Knee","ACL assessment","Stability assessment","통증 유발 주의","","","Anterior Drawer Test","","","","Anterior knee stability","","","","","","","Knee Flexion 135°","","","","","","ACL 평가"
Posterior drawer test,"posterior drawer test,posterior drawer,후방전위검사","포스테리어 드로어",Special Test,Knee Test,"PCL 손상 평가","Posterior instability","Knee","posterior translation","PCL injury","ROM,MMT","Sag sign","Hamstring strengthening","Knee","PCL assessment","Stability assessment","무리한 굴곡 주의","","","Posterior Drawer Test","","","","Posterior knee stability","","","","","","","Knee Flexion 135°","","","","","","PCL 평가"
Pivot shift test,"pivot shift test,pivot shift,피벗시프트","피벗 시프트",Special Test,Knee Test,"ACL 회전 불안정성 검사","Rotational instability","Knee","instability","ACL injury","ROM","Lachman test","Balance training","Knee","Dynamic stability","Rotational assessment","급성기 금지","","","Pivot Shift Test","","","","Dynamic stability","","","","","","","Knee Flexion 135°","","","","","","회전 불안정성"
McMurray test,"mcmurray test,mcmurray,맥머레이,맥머리","맥머레이",Special Test,Knee Test,"반월상연골 손상 검사","Meniscus lesion","Knee","locking,clicking","Meniscus tear","ROM","Apley test","Quadriceps strengthening","Knee","Meniscus assessment","Rotation assessment","통증 유발 주의","","","McMurray Test","","","","Meniscus function","","","","","","","Knee Flexion 135°","","","","","","locking 확인"
Apley test,"apley test,apley,애플리,아플레이","애플리",Special Test,Knee Test,"반월상연골 및 인대 평가","Compression/distraction","Knee","pain","Meniscus tear","ROM","McMurray test","Strengthening","Knee","Meniscus assessment","Compression test","통증 유발 주의","","","Apley Test","","","","Knee function","","","","","","","Knee Flexion 135°","","","","","","압박 통증"
Neer test,"neer test,neer,니어테스트","니어",Special Test,Shoulder Test,"어깨 충돌증후군 검사","Subacromial impingement","Shoulder","pain","Shoulder impingement","ROM,MMT","Hawkins Kennedy test","Scapular stabilization","Shoulder","Shoulder assessment","Impingement test","과도한 elevation 주의","","","Neer Test","","","","Shoulder impingement","","Shoulder Flexion 180°","Flexion 180°","","","","","","","","","","통증 유발"
Hawkins Kennedy test,"hawkins kennedy test,hawkins,호킨스케네디","호킨스 케네디",Special Test,Shoulder Test,"어깨 충돌 증후군 검사","Subacromial impingement","Shoulder","pain","Shoulder impingement","ROM,MMT","Neer test","Scapular stabilization","Shoulder","Shoulder assessment","Impingement test","통증 주의","","","Hawkins Kennedy Test","","","","Shoulder impingement","","Shoulder Flexion 180°","Flexion 180°","","","","","","","","","","충돌 유발 검사"
Empty can test,"empty can test,empty can,jobe test,조브테스트","엠티 캔",Special Test,Shoulder Test,"극상근 기능 평가","Rotator cuff dysfunction","Shoulder","weakness,pain","Rotator cuff tear","ROM,MMT","Drop arm test","Shoulder strengthening","Shoulder","Supraspinatus assessment","Resistance test","통증 유발 주의","","","Empty Can Test","","","","Supraspinatus function","","Shoulder Flexion 180°","Abduction 180°","","","","","","","","","","극상근 검사"
Drop arm test,"drop arm test,drop arm,드롭암","드롭 암",Special Test,Shoulder Test,"회전근개 파열 평가","Rotator cuff tear","Shoulder","arm drop","Rotator cuff tear","ROM,MMT","Empty can test","Strengthening","Shoulder","Shoulder assessment","Arm lowering","통증 유발 주의","","","Drop Arm Test","","","","Shoulder control","","Shoulder Flexion 180°","Abduction 180°","","","","","","","","","","회전근개 검사"
Supraspinatus,"supraspinatus,극상근,가시위근","수프라스피나투스",Muscle,Rotator cuff,"어깨 외전 시작 근육","","","","Rotator cuff tear,Shoulder impingement","ROM,MMT","Empty can test","Shoulder strengthening","Shoulder","MMT","Scaption exercise","통증 범위 제한","극상근","가시위근","Supraspinatus","Supraspinous fossa","Greater tubercle","Suprascapular nerve","Shoulder abduction 0-15°","Shoulder stabilization","Above scapular spine","Shoulder Flexion 180°","Flexion 180°|Abduction 180°","","","","","","Grade 5","","","","회전근개 구성"
Infraspinatus,"infraspinatus,극하근,가시아래근","인프라스피나투스",Muscle,Rotator cuff,"어깨 외회전 담당","","","","Rotator cuff tear","ROM,MMT","External rotation lag sign","Strengthening","Shoulder","MMT","External rotation exercise","통증 유발 주의","극하근","","Infraspinatus","Infraspinous fossa","Greater tubercle","Suprascapular nerve","External rotation","Shoulder stabilization","Posterior scapula","Shoulder ER 90°","External rotation 90°","","","","","","Grade 5","","","","외회전 담당"
Teres Minor,"teres minor,소원근","테레스 마이너",Muscle,Rotator cuff,"외회전 보조 근육","","","","Rotator cuff tear","ROM,MMT","Hornblower sign","Strengthening","Shoulder","MMT","External rotation exercise","과사용 주의","소원근","","Teres Minor","Lateral border of scapula","Greater tubercle","Axillary nerve","External rotation","Shoulder stabilization","","Shoulder ER 90°","","","","","","","Grade 5","","","","회전근개"
Subscapularis,"subscapularis,견갑하근, 어깨밑근","섭스캐풀라리스",Muscle,Rotator cuff,"어깨 내회전 담당","","","","Rotator cuff tear","ROM,MMT","Lift off test","Strengthening","Shoulder","MMT","Theraband IR","통증 유발 주의","견갑하근","","Subscapularis","Subscapular fossa","Lesser tubercle","Upper/Lower subscapular nerve","Internal rotation","Shoulder stabilization","","Shoulder IR 70°","","","","","","","Grade 5","","","","내회전 담당"
Deltoid,"deltoid,삼각근,어깨세모근","델토이드",Muscle,Shoulder,"어깨 주요 움직임 근육","","","","Shoulder disorder","ROM,MMT","","Strengthening","Shoulder","MMT","Shoulder strengthening","과부하 주의","삼각근","","Deltoid","Clavicle,Acromion,Spine of scapula","Deltoid tuberosity","Axillary nerve","Shoulder abduction","Shoulder movement","","Shoulder Flexion 180°","Flexion 180°","","","","","","Grade 5","","","","삼각근"
Biceps brachii,"biceps,biceps brachii,위팔두갈래근,상완이두근","바이셉스",Muscle,Upper arm,"팔꿈치 굴곡 및 회외","","","","Tennis elbow","ROM,MMT","Speed test,Yergason test","Strengthening","Upper arm","MMT","Curl exercise","과사용 주의","위팔두갈래근","","Biceps Brachii","Supraglenoid tubercle,Coracoid process","Radial tuberosity","Musculocutaneous nerve","Elbow flexion,supination","Upper limb function","","","Elbow Flexion 150°","","","","","","Grade 5","","","","상완 전면"
Triceps brachii,"triceps,triceps brachii,위팔세갈래근,상완삼두근","트라이셉스",Muscle,Upper arm,"팔꿈치 신전","","","","Elbow disorder","ROM,MMT","","Strengthening","Upper arm","MMT","Extension exercise","과부하 주의","위팔세갈래근","","Triceps Brachii","Infraglenoid tubercle,Humerus","Olecranon","Radial nerve","Elbow extension","Upper limb function","","","Elbow Extension 0°","","","","","","Grade 5","","","","상완 후면"
Hamstring,"hamstring,햄스트링,뒤넙다리근","햄스트링",Muscle,Lower limb,"무릎 굴곡 담당","","","","ACL injury","ROM,MMT","","Strengthening","Lower limb","MMT","Hamstring curl","근육 당김 주의","","","Hamstring","Ischial tuberosity","Tibia,Fibula","Sciatic nerve","Knee flexion,Hip extension","Gait support","","","","","","Hip Extension 20°","Knee Flexion 135°","","Grade 5","","","","후면 허벅지"
Quadriceps,"quadriceps,대퇴사두근,넙다리네갈래근","쿼드리셉스",Muscle,Lower limb,"무릎 신전 담당","","","","ACL injury,OA knee","ROM,MMT","","Strengthening","Lower limb","MMT","Quadriceps set,Squat","과부하 주의","","","Quadriceps","Femur,AIIS","Patella,Tibial tuberosity","Femoral nerve","Knee extension","Standing stability","","","","","","","Knee Extension 0°","","Grade 5","","","","전면 허벅지"
Gluteus medius,"gluteus medius,중둔근,중간볼기근","글루테우스 미디우스",Muscle,Hip,"고관절 외전 담당","","","","Hip OA","ROM,MMT","Trendelenburg sign","Hip strengthening","Hip","MMT","Side lying hip abduction","보행 보상 주의","","","Gluteus Medius","Ilium","Greater trochanter","Superior gluteal nerve","Hip abduction","Pelvic stability","","","","","","Hip Abduction 45°","","","","","","골반 안정화"